[Header],,,,,,,,,,,
IEMFileVersion,5,,,,,,,,,,
Investigator Name,Ryu,,,,,,,,,,
Experiment Name,ISB038-CerebellarOrganoid,,,,,,,,,,
Date,2/24/2023,,,,,,,,,,
Workflow,GenerateFASTQ,,,,,,,,,,
Application,NovaSeq FASTQ Only,,,,,,,,,,
Instrument Type,NovaSeq,,,,,,,,,,
Assay,KapaHyper,,,,,,,,,,
Index Adapters,KAPA UDI Adapters,,,,,,,,,,
Chemistry,Amplicon,,,,,,,,,,
,,,,,,,,,,,
[Reads],,,,,,,,,,,
151,,,,,,,,,,,
151,,,,,,,,,,,
,,,,,,,,,,,
[Settings],,,,,,,,,,,
Adapter,AGATCGGAAGAGCACACGTCTGAACTCCAGTCA,,,,,,,,,,
AdapterRead2,AGATCGGAAGAGCGTCGTGTAGGGAAAGAGTGT,,,,,,,,,,
[Data],,,,,,,,,,,
Sample_ID,Sample_Name,Sample_Plate,Sample_Well,Index_Plate,Index_Plate_Well,I7_Index_ID,index,I5_Index_ID,index2,Sample_Project,Description
ISB038_GM25256_day0_1,GM25256_day0_1,1.5nM_NormalisedLibrary_02242023,A01,KAPA UDI Adapters,A01,i7_UDI01,GTAACATC,i5_UDI01,CAGCGATT,ISB038,
ISB038_GM25256_day0_2,GM25256_day0_2,1.5nM_NormalisedLibrary_02242023,B01,KAPA UDI Adapters,B01,i7_UDI02,AGGTAAGG,i5_UDI02,CACGATTC,ISB038,
ISB038_GM25256_day0_3,GM25256_day0_3,1.5nM_NormalisedLibrary_02242023,C01,KAPA UDI Adapters,C01,i7_UDI03,ACAGGTAT,i5_UDI03,GCCACCAT,ISB038,
ISB038_GM25256_day14_1,GM25256_day14_1,1.5nM_NormalisedLibrary_02242023,D01,KAPA UDI Adapters,D01,i7_UDI04,AATGTTCT,i5_UDI04,AGTCACCT,ISB038,
ISB038_GM25256_day14_2,GM25256_day14_2,1.5nM_NormalisedLibrary_02242023,E01,KAPA UDI Adapters,E01,i7_UDI05,TCTGCAAG,i5_UDI05,TTCACCTT,ISB038,
ISB038_GM25256_day14_3,GM25256_day14_3,1.5nM_NormalisedLibrary_02242023,F01,KAPA UDI Adapters,F01,i7_UDI06,CAGCGGTA,i5_UDI06,TGACTTGG,ISB038,
ISB038_GM25256_day21_1,GM25256_day21_1,1.5nM_NormalisedLibrary_02242023,G01,KAPA UDI Adapters,G01,i7_UDI07,CGCCTTCC,i5_UDI07,GCGGACTT,ISB038,
ISB038_GM25256_day21_2,GM25256_day21_2,1.5nM_NormalisedLibrary_02242023,H01,KAPA UDI Adapters,H01,i7_UDI08,CAATAGTC,i5_UDI08,CAGCTCAC,ISB038,
ISB038_GM25256_day21_3,GM25256_day21_3,1.5nM_NormalisedLibrary_02242023,A02,KAPA UDI Adapters,A02,i7_UDI09,ATTATCAA,i5_UDI09,CGACTCTC,ISB038,
ISB038_GM25256_day35_1,GM25256_day35_1,1.5nM_NormalisedLibrary_02242023,B02,KAPA UDI Adapters,B02,i7_UDI10,CCAACATT,i5_UDI10,GCTCTCTT,ISB038,
ISB038_GM25256_day35_2,GM25256_day35_2,1.5nM_NormalisedLibrary_02242023,C02,KAPA UDI Adapters,C02,i7_UDI11,GCCTAGCC,i5_UDI11,TTGGTCTG,ISB038,
ISB038_GM25256_day35_3,GM25256_day35_3,1.5nM_NormalisedLibrary_02242023,D02,KAPA UDI Adapters,D02,i7_UDI12,GACCAGGA,i5_UDI12,CTGGCTAT,ISB038,
ISB038_GM25256_day60_1,GM25256_day60_1,1.5nM_NormalisedLibrary_02242023,E02,KAPA UDI Adapters,E02,i7_UDI13,CTGTAATC,i5_UDI13,AATTGCTT,ISB038,
ISB038_GM25256_day60_2,GM25256_day60_2,1.5nM_NormalisedLibrary_02242023,F02,KAPA UDI Adapters,F02,i7_UDI14,ACTAAGAC,i5_UDI14,TTCCAGCT,ISB038,
ISB038_GM25256_day60_3,GM25256_day60_3,1.5nM_NormalisedLibrary_02242023,G02,KAPA UDI Adapters,G02,i7_UDI15,TCGCTAGA,i5_UDI15,AGTACTGC,ISB038,
ISB038_GM23913_day0_1,GM23913_day0_1,1.5nM_NormalisedLibrary_02242023,H02,KAPA UDI Adapters,H02,i7_UDI16,AACGCATT,i5_UDI16,GCAGGTTG,ISB038,
ISB038_GM23913_day0_2,GM23913_day0_2,1.5nM_NormalisedLibrary_02242023,A03,KAPA UDI Adapters,A03,i7_UDI17,TGCTGCTG,i5_UDI17,GTCCTCAT,ISB038,
ISB038_GM23913_day0_3,GM23913_day0_3,1.5nM_NormalisedLibrary_02242023,B03,KAPA UDI Adapters,B03,i7_UDI18,TATCTGCC,i5_UDI18,CCAACGCT,ISB038,
ISB038_GM23913_day14_1,GM23913_day14_1,1.5nM_NormalisedLibrary_02242023,C03,KAPA UDI Adapters,C03,i7_UDI19,ATTCCTCT,i5_UDI19,GCGATATT,ISB038,
ISB038_GM23913_day14_2,GM23913_day14_2,1.5nM_NormalisedLibrary_02242023,D03,KAPA UDI Adapters,D03,i7_UDI20,CAACTCTC,i5_UDI20,ATCTTCTC,ISB038,
ISB038_GM23913_day14_3,GM23913_day14_3,1.5nM_NormalisedLibrary_02242023,E03,KAPA UDI Adapters,E03,i7_UDI21,GCCGTCGA,i5_UDI21,TTAATCAC,ISB038,
ISB038_GM23913_day21_1,GM23913_day21_1,1.5nM_NormalisedLibrary_02242023,F03,KAPA UDI Adapters,F03,i7_UDI22,TATCCAGG,i5_UDI22,TCCACTTC,ISB038,
ISB038_GM23913_day21_2,GM23913_day21_2,1.5nM_NormalisedLibrary_02242023,G03,KAPA UDI Adapters,G03,i7_UDI23,TAAGCACA,i5_UDI23,GACATTAA,ISB038,
ISB038_GM23913_day21_3,GM23913_day21_3,1.5nM_NormalisedLibrary_02242023,H03,KAPA UDI Adapters,H03,i7_UDI24,GTCCACAG,i5_UDI24,CGCGAATA,ISB038,
ISB038_GM23913_day35_1,GM23913_day35_1,1.5nM_NormalisedLibrary_02242023,A04,KAPA UDI Adapters,A04,i7_UDI25,ACACGATC,i5_UDI25,AATACCAT,ISB038,
ISB038_GM23913_day35_2,GM23913_day35_2,1.5nM_NormalisedLibrary_02242023,B04,KAPA UDI Adapters,B04,i7_UDI26,GTATAACA,i5_UDI26,TGCTTCAC,ISB038,
ISB038_GM23913_day35_3,GM23913_day35_3,1.5nM_NormalisedLibrary_02242023,C04,KAPA UDI Adapters,C04,i7_UDI27,TGTCGGAT,i5_UDI27,TCAGGCTT,ISB038,
ISB038_GM23913_day60_1,GM23913_day60_1,1.5nM_NormalisedLibrary_02242023,D04,KAPA UDI Adapters,D04,i7_UDI28,AGGATCTA,i5_UDI28,GAACTTCG,ISB038,
ISB038_GM23913_day60_2,GM23913_day60_2,1.5nM_NormalisedLibrary_02242023,E04,KAPA UDI Adapters,E04,i7_UDI29,AGCAATTC,i5_UDI29,CTGCTCCT,ISB038,
ISB038_GM23913_day60_3,GM23913_day60_3,1.5nM_NormalisedLibrary_02242023,F04,KAPA UDI Adapters,F04,i7_UDI30,CCTATGCC,i5_UDI30,CAAGCTTA,ISB038,
ISB038_NCRM_day0_1,NCRM_day0_1,1.5nM_NormalisedLibrary_02242023,G04,KAPA UDI Adapters,G04,i7_UDI31,AAGGATGT,i5_UDI31,CACTTCAT,ISB038,
ISB038_NCRM_day0_2,NCRM_day0_2,1.5nM_NormalisedLibrary_02242023,H04,KAPA UDI Adapters,H04,i7_UDI32,TTGAGCCT,i5_UDI32,TCATTCGA,ISB038,
ISB038_NCRM_day0_3,NCRM_day0_3,1.5nM_NormalisedLibrary_02242023,A05,KAPA UDI Adapters,A05,i7_UDI33,CACATCCT,i5_UDI33,GCTGCACT,ISB038,
ISB038_NCRM_day14_1,NCRM_day14_1,1.5nM_NormalisedLibrary_02242023,B05,KAPA UDI Adapters,B05,i7_UDI34,TTCGCTGA,i5_UDI34,CGCATATT,ISB038,
ISB038_NCRM_day14_2,NCRM_day14_2,1.5nM_NormalisedLibrary_02242023,C05,KAPA UDI Adapters,C05,i7_UDI35,CATGCTTA,i5_UDI35,ATGAATTA,ISB038,
ISB038_NCRM_day14_3,NCRM_day14_3,1.5nM_NormalisedLibrary_02242023,D05,KAPA UDI Adapters,D05,i7_UDI36,AAGTAGAG,i5_UDI36,ATCGACTG,ISB038,
ISB038_NCRM_day21_1,NCRM_day21_1,1.5nM_NormalisedLibrary_02242023,E05,KAPA UDI Adapters,E05,i7_UDI37,CATAGCGA,i5_UDI37,GACGGTTA,ISB038,
ISB038_NCRM_day21_2,NCRM_day21_2,1.5nM_NormalisedLibrary_02242023,F05,KAPA UDI Adapters,F05,i7_UDI38,AGTTGCTT,i5_UDI38,TAGCATTG,ISB038,
ISB038_NCRM_day21_3,NCRM_day21_3,1.5nM_NormalisedLibrary_02242023,G05,KAPA UDI Adapters,G05,i7_UDI39,GCACATCT,i5_UDI39,AACCTCTT,ISB038,
ISB038_NCRM_day35_1,NCRM_day35_1,1.5nM_NormalisedLibrary_02242023,H05,KAPA UDI Adapters,H05,i7_UDI40,CCTACCAT,i5_UDI40,GCTTCCTA,ISB038,
ISB038_NCRM_day35_2,NCRM_day35_2,1.5nM_NormalisedLibrary_02242023,A06,KAPA UDI Adapters,A06,i7_UDI41,TGCTCGAC,i5_UDI41,ATCCTTAA,ISB038,
ISB038_NCRM_day35_3,NCRM_day35_3,1.5nM_NormalisedLibrary_02242023,B06,KAPA UDI Adapters,B06,i7_UDI42,CCAGTTAG,i5_UDI42,CCTGTCAT,ISB038,
ISB038_NCRM_day60_1,NCRM_day60_1,1.5nM_NormalisedLibrary_02242023,C06,KAPA UDI Adapters,C06,i7_UDI43,TGTTCCGA,i5_UDI43,TTAGCCAG,ISB038,
ISB038_NCRM_day60_2,NCRM_day60_2,1.5nM_NormalisedLibrary_02242023,D06,KAPA UDI Adapters,D06,i7_UDI44,GGTCCAGA,i5_UDI44,CGGTTCTT,ISB038,
ISB038_NCRM_day60_3,NCRM_day60_3,1.5nM_NormalisedLibrary_02242023,E06,KAPA UDI Adapters,E06,i7_UDI45,TCGGAATG,i5_UDI45,CTACATTG,ISB038,
